ImageName	Component	Script	Text
img0001.png	Text	Bengali	"করেছেন"
img0002.png	Text	Bengali	"অনেক"
img0003.png	Text	Bengali	"শঙ্খকুমারকে"
img0004.png	Text	Bengali	"তিরস্কার"
img0005.png	Text	Bengali	"হাহাকার"
img0006.png	Text	Bengali	"ভারত"
img0007.png	Text	Bengali	"শঙ্খকুমারের"
img0008.png	Text	Bengali	"কুঁড়েঘরের"
img0009.png	Text	Bengali	"কৌতূহল"
img0010.png	Text	Bengali	"দক্ষিণের"
img0011.png	Text	Bengali	"সাষ্টাঙ্গে"
img0012.png	Text	Bengali	"সাষ্টাঙ্গে"
img0013.png	Text	Bengali	"ঠাকুরদা"
img0014.png	Text	Bengali	"সন্ন্যাসীর"
img0015.png	Text	Bengali	"ধড়"
img0016.png	Text	Bengali	"তারা"
img0017.png	Text	Bengali	"স্বাধীন"
img0018.png	Text	Bengali	"বাঁদরের"
img0019.png	Text	Bengali	"লেজ"
img0020.png	Text	Bengali	"অনেকদিন"
img0021.png	Text	Bengali	"আগেকার"
img0022.png	Text	Bengali	"ল"
img0023.png	Text	Bengali	"মেলে"
img0024.png	Text	Bengali	"রাজত্ব"
img0025.png	Text	Bengali	"বাঁদর"
img0026.png	Text	Bengali	"একদিন"
img0027.png	Text	Bengali	"চাকর"
img0028.png	Text	Bengali	"মতলব"
img0029.png	Text	Bengali	"১৯৬৭"
img0030.png	Text	Bengali	"অপরটি"
img0031.png	Text	Bengali	"ঠিকমত"
img0032.png	Text	Bengali	"ব্যাঙকে"
img0033.png	Text	Bengali	"মাছ"
img0034.png	Text	Bengali	"মচাক"
img0035.png	Text	Bengali	"য়ে"
img0036.png	Text	Bengali	"রাজবাড়ি"
img0037.png	Text	Bengali	"রেগেমেগে"
img0038.png	Text	Bengali	"নদীতে"
img0039.png	Text	Bengali	"বসবাস"
img0040.png	Text	Bengali	"শিশু"
img0041.png	Text	Bengali	"সন"
img0042.png	Text	Bengali	"দেব"
img0043.png	Text	Bengali	"ঘরে"
img0044.png	Text	Bengali	"হবে"
img0045.png	Text	Bengali	"নীরেন্দ্রনাথ"
img0046.png	Text	Bengali	"বিপদ"
img0047.png	Text	Bengali	"কবিতামালা"
img0048.png	Text	Bengali	"বৈদ্যুতিক"
img0049.png	Text	Bengali	"নিন"
img0050.png	Text	Bengali	"বাড়ির"
img0051.png	Text	Bengali	"সম্পাদক"
img0052.png	Text	Bengali	"টেবল"
img0053.png	Text	Bengali	"দো"
img0054.png	Text	Bengali	"মনুমেন্ট"
img0055.png	Text	Bengali	"নারী"
img0056.png	Text	Bengali	"ফলশ্রুতিতে"
img0057.png	Text	Bengali	"সুরক্ষা"
img0058.png	Text	Bengali	"দীপ"
img0059.png	Text	Bengali	"পশ্চিমবঙ্গ"
img0060.png	Text	Bengali	"চেক"
img0061.png	Text	Bengali	"কাফে"
img0062.png	Text	Bengali	"কবিতা"
img0063.png	Text	Bengali	"লাইন"
img0064.png	Text	Bengali	"হাউস"
img0065.png	Text	Bengali	"কান্ডকারখানা"
img0066.png	Text	Bengali	"চিন্তা"
img0067.png	Text	Bengali	"চক্রবর্তীর"
img0068.png	Text	Bengali	"নির্বাচিত"
img0069.png	Text	Bengali	"বাইরে"
img0070.png	Text	Bengali	"দ্য"
img0071.png	Text	Bengali	"গ্যাস"
img0072.png	Text	Bengali	"পান"
img0073.png	Text	Bengali	"মোটেও"
img0074.png	Text	Bengali	"ফলিত"
img0075.png	Text	Bengali	"আদত"
img0076.png	Text	Bengali	"বিশ্বভারতী"
img0077.png	Text	Bengali	"ঠিক"
img0078.png	Text	Bengali	"সময়ে"
img0079.png	Text	Bengali	"গঞ্জের"
img0080.png	Text	Bengali	"আমার"
img0081.png	Text	Bengali	"উৎসর্গ"
img0082.png	Text	Bengali	"কদাচিৎ"
img0083.png	Text	Bengali	"বিশ্ববিদ্যালয়ে"
img0084.png	Text	Bengali	"নয়"
img0085.png	Text	Bengali	"আদার"
img0086.png	Text	Bengali	"অংশুমান"
img0087.png	Text	Bengali	"খুবই"
img0088.png	Text	Bengali	"যোগ"
img0089.png	Text	Bengali	"সত্যি"
img0090.png	Text	Bengali	"হাতি"
img0091.png	Text	Bengali	"শ্রীচরণ"
img0092.png	Text	Bengali	"অনুস্বর"
img0093.png	Text	Bengali	"নানান"
img0094.png	Text	Bengali	"বলতে"
img0095.png	Text	Bengali	"মাংস"
img0096.png	Text	Bengali	"শীতে"
img0097.png	Text	Bengali	"বিজ্ঞান"
img0098.png	Text	Bengali	"কম্পিউটারে"
img0099.png	Text	Bengali	"সৃষ্টি"
img0100.png	Text	Bengali	"বঙ্গ"
img0101.png	Text	Bengali	"পড়ল"
img0102.png	Text	Bengali	"লাঙলহাটার"
img0103.png	Text	Bengali	"ভায়া"
img0104.png	Text	Bengali	"ইশপের"
img0105.png	Text	Bengali	"সেরা"
img0106.png	Text	Bengali	"রমেন"
img0107.png	Text	Bengali	"শেয়াল"
img0108.png	Text	Bengali	"নতুন"
img0109.png	Text	Bengali	"টাইপ"
img0110.png	Text	Bengali	"চাকররা"
img0111.png	Text	Bengali	"লক্ষ্য"
img0112.png	Text	Bengali	"ফড়িং"
img0113.png	Text	Bengali	"যান্ত্রিক"
img0114.png	Text	Bengali	"করতেই"
img0115.png	Text	Bengali	"লাভপুরের"
img0116.png	Text	Bengali	"অধঃপাত"
img0117.png	Text	Bengali	"ভারতীয়"
img0118.png	Text	Bengali	"মানস"
img0119.png	Text	Bengali	"নিঃসৃত"
img0120.png	Text	Bengali	"চিন্তা"
img0121.png	Text	Bengali	"কর্ণে"
img0122.png	Text	Bengali	"শরৎ"
img0123.png	Text	Bengali	"ইঁদারা"
img0124.png	Text	Bengali	"ছোট"
img0125.png	Text	Bengali	"বিশ্বাস"
img0126.png	Text	Bengali	"শুনতে"
img0127.png	Text	Bengali	"বোলপুরের"
img0128.png	Text	Bengali	"রবীন্দ্রনাথ"
img0129.png	Text	Bengali	"উদ্যোগ"
img0130.png	Text	Bengali	"পাচ্ছি"
img0131.png	Text	Bengali	"নেকড়ে"
img0132.png	Text	Bengali	"ঠাকুরদা"
img0133.png	Text	Bengali	"নামদাফা"
img0134.png	Text	Bengali	"খাদ্য"
img0135.png	Text	Bengali	"তোর"
img0136.png	Text	Bengali	"এসব"
img0137.png	Text	Bengali	"ছিল"
img0138.png	Text	Bengali	"চারু"
img0139.png	Text	Bengali	"বলো"
img0140.png	Text	Bengali	"চিৎকার"
img0141.png	Text	Bengali	"কোটরে"
img0142.png	Text	Bengali	"সুখী"
img0143.png	Text	Bengali	"যে"
img0144.png	Text	Bengali	"বৃষ্টি"
img0145.png	Text	Bengali	"পড়ে"
img0146.png	Text	Bengali	"টাপুরটুপুর"
img0147.png	Text	Bengali	"সূর্যদেবের"
img0148.png	Text	Bengali	"কাঠকুটো"
img0149.png	Text	Bengali	"নদে"
img0150.png	Text	Bengali	"খোকা"
img0151.png	Text	Bengali	"গাইয়ের"
img0152.png	Text	Bengali	"চরাতে"
img0153.png	Text	Bengali	"খানিকটা"
img0154.png	Text	Bengali	"সোনা"
img0155.png	Text	Bengali	"এক"
img0156.png	Text	Bengali	"একসাথে"
img0157.png	Text	Bengali	"হোন"
img0158.png	Text	Bengali	"চৌর্যবৃত্তির"
img0159.png	Text	Bengali	"আপনি"
img0160.png	Text	Bengali	"তারপর"
img0161.png	Text	Bengali	"দশকের"
img0162.png	Text	Bengali	"শিয়ালে"
img0163.png	Text	Bengali	"হুকুম"
img0164.png	Text	Bengali	"ফেলে"
img0165.png	Text	Bengali	"সমস্ত"
img0166.png	Text	Bengali	"হয়েছিল"
img0167.png	Text	Bengali	"উড়ুল"
img0168.png	Text	Bengali	"সংক্রান্ত"
img0169.png	Text	Bengali	"জালসমেত"
img0170.png	Text	Bengali	"ভোরে"
img0171.png	Text	Bengali	"কথা"
img0172.png	Text	Bengali	"তার"
img0173.png	Text	Bengali	"রেস্তরাঁয়"
img0174.png	Text	Bengali	"গৃহহারা"
img0175.png	Text	Bengali	"যায়"
img0176.png	Text	Bengali	"গেল"
img0177.png	Text	Bengali	"পর্যন্ত"
img0178.png	Text	Bengali	"পাহাড়ের"
img0179.png	Text	Bengali	"নদী"
img0180.png	Text	Bengali	"আস্তানায়"
img0181.png	Text	Bengali	"ছাড়ায়"
img0182.png	Text	Bengali	"জ্বালিয়ে"
img0183.png	Text	Bengali	"সংস্কৃতি"
img0184.png	Text	Bengali	"এলেন"
img0185.png	Text	Bengali	"নির্দেশ"
img0186.png	Text	Bengali	"একদল"
img0187.png	Text	Bengali	"রাঁধে"
img0188.png	Text	Bengali	"প্রসঙ্গত"
img0189.png	Text	Bengali	"স্রোতের"
img0190.png	Text	Bengali	"স্বপ্নে"
img0191.png	Text	Bengali	"বিজ্ঞান"
img0192.png	Text	Bengali	"ভেসে"
img0193.png	Text	Bengali	"আগুনের"
img0194.png	Text	Bengali	"বাবা"
img0195.png	Text	Bengali	"সুখে"
img0196.png	Text	Bengali	"আন্দোলনের"
img0197.png	Text	Bengali	"শান্তিতে"
img0198.png	Text	Bengali	"বিশিষ্ট"
img0199.png	Text	Bengali	"বৃষ্টির"
img0200.png	Text	Bengali	"হ্যালেপিনো"
img0201.png	Text	Bengali	"করত"
img0202.png	Text	Bengali	"নেতৃত্ব"
img0203.png	Text	Bengali	"বারণ"
img0204.png	Text	Bengali	"মধ্যে"
img0205.png	Text	Bengali	"এবং"
img0206.png	Text	Bengali	"যেন"
img0207.png	Text	Bengali	"ব্রেকথ্রু"
img0208.png	Text	Bengali	"ছেড়ে"
img0209.png	Text	Bengali	"সর্বভারতীয়"
img0210.png	Text	Bengali	"আদেশ"
img0211.png	Text	Bengali	"ঘুম"
img0212.png	Text	Bengali	"কমিটির"
img0213.png	Text	Bengali	"নেমে"
img0214.png	Text	Bengali	"সভাপতি"
img0215.png	Text	Bengali	"ইঁদুর"
img0216.png	Text	Bengali	"এল"
img0217.png	Text	Bengali	"জি"
img0218.png	Text	Bengali	"নীচে"
img0219.png	Text	Bengali	"এস"
img0220.png	Text	Bengali	"জলে"
img0221.png	Text	Bengali	"থাক"
img0222.png	Text	Bengali	"গড়াগড়ি"
img0223.png	Text	Bengali	"আয়"
img0224.png	Text	Bengali	"খায়"
img0225.png	Text	Bengali	"স্টোভ"
img0226.png	Text	Bengali	"রাণীর"
img0227.png	Text	Bengali	"স্বাদ"
img0228.png	Text	Bengali	"পশ্চিমে"
img0229.png	Text	Bengali	"খাওয়ার"
img0230.png	Text	Bengali	"গোল্ড"
img0231.png	Text	Bengali	"জ্বলছে"
img0232.png	Text	Bengali	"চেঁচিয়ে"
img0233.png	Text	Bengali	"সাথে"
img0234.png	Text	Bengali	"ডুবে"
img0235.png	Text	Bengali	"নিশীথ"
img0236.png	Text	Bengali	"আনন্দকে"
img0237.png	Text	Bengali	"বই"
img0238.png	Text	Bengali	"তাতে"
img0239.png	Text	Bengali	"স্বাগত"
img0240.png	Text	Bengali	"স্বভাব"
img0241.png	Text	Bengali	"জানাই"
img0242.png	Text	Bengali	"টেরই"
img0243.png	Text	Bengali	"সোনার"
img0244.png	Text	Bengali	"চেঁচামেচিটা"
img0245.png	Text	Bengali	"গহনার"
img0246.png	Text	Bengali	"হাঁকডাক"
img0247.png	Text	Bengali	"কপালে"
img0248.png	Text	Bengali	"প্রকাশকের"
img0249.png	Text	Bengali	"গহনার"
img0250.png	Text	Bengali	"একেবারে"
img0251.png	Text	Bengali	"অঞ্চলের"
img0252.png	Text	Bengali	"ক্ষতবিক্ষত"
img0253.png	Text	Bengali	"প্রীতম"
img0254.png	Text	Bengali	"এতক্ষণ"
img0255.png	Text	Bengali	"বাবা"
img0256.png	Text	Bengali	"লুকিয়ে"
img0257.png	Text	Bengali	"কপট"
img0258.png	Text	Bengali	"সহানুভূতিতে"
img0259.png	Text	Bengali	"মধ্যে"
img0260.png	Text	Bengali	"জিজ্ঞাসা"
img0261.png	Text	Bengali	"খোকন"
img0262.png	Text	Bengali	"আহা"
img0263.png	Text	Bengali	"মারটাই"
img0264.png	Text	Bengali	"চক্ষুঃস্থির"
img0265.png	Text	Bengali	"ক্রমে"
img0266.png	Text	Bengali	"রিলায়েন্স"
img0267.png	Text	Bengali	"প্রকাণ্ড"
img0268.png	Text	Bengali	"খাবারের"
img0269.png	Text	Bengali	"সরকার"
img0270.png	Text	Bengali	"ভেঙে"
img0271.png	Text	Bengali	"ফেলেছে"
img0272.png	Text	Bengali	"ভেঙেচুরে"
img0273.png	Text	Bengali	"যুদ্ধে"
img0274.png	Text	Bengali	"নষ্টও"
img0275.png	Text	Bengali	"স্কুলে"
img0276.png	Text	Bengali	"ভয়ানক"
img0277.png	Text	Bengali	"রেগে"
img0278.png	Text	Bengali	"স্মৃতি"
img0279.png	Text	Bengali	"তারা"
img0280.png	Text	Bengali	"বিশ্বাস"
img0281.png	Text	Bengali	"সাহিত্যে"
img0282.png	Text	Bengali	"সন্ন্যাসী"
img0283.png	Text	Bengali	"লাঠি"
img0284.png	Text	Bengali	"ভাজা"
img0285.png	Text	Bengali	"আধমরা"
img0286.png	Text	Bengali	"দেশবিদেশে"
img0287.png	Text	Bengali	"লোন"
img0288.png	Text	Bengali	"অতগুলি"
img0289.png	Text	Bengali	"লোকের"
img0290.png	Text	Bengali	"ভিন্ন"
img0291.png	Text	Bengali	"আখের"
img0292.png	Text	Bengali	"আই"
img0293.png	Text	Bengali	"মুহম্মদ"
img0294.png	Text	Bengali	"ভাঙছে"
img0295.png	Text	Bengali	"ডাকাডাকি"
img0296.png	Text	Bengali	"গোল্ড"
img0297.png	Text	Bengali	"আরম্ভ"
img0298.png	Text	Bengali	"আধার"
img0299.png	Text	Bengali	"লোন"
img0300.png	Text	Bengali	"চাষিরা"
img0301.png	Text	Bengali	"গোল্ড"
img0302.png	Text	Bengali	"দুপুরবেলায়"
img0303.png	Text	Bengali	"লোন"
img0304.png	Text	Bengali	"রচনা"
img0305.png	Text	Bengali	"বিশ্রামের"
img0306.png	Text	Bengali	"চিৎকার"
img0307.png	Text	Bengali	"শত"
img0308.png	Text	Bengali	"শুনে"
img0309.png	Text	Bengali	"গোল্ড"
img0310.png	Text	Bengali	"আঙিনায়"
img0311.png	Text	Bengali	"ব্যাপারটা"
img0312.png	Text	Bengali	"কোণ"
img0313.png	Text	Bengali	"আমিষের"
img0314.png	Text	Bengali	"দিনদুপুরে"
img0315.png	Text	Bengali	"কুদরত"
img0316.png	Text	Bengali	"শিয়ালের"
img0317.png	Text	Bengali	"খেতে"
img0318.png	Text	Bengali	"লাগল"
img0319.png	Text	Bengali	"জুটে"
img0320.png	Text	Bengali	"কাঁকড়া"
img0321.png	Text	Bengali	"উৎসাহে"
img0322.png	Text	Bengali	"তারপর"
img0323.png	Text	Bengali	"টপাটপ"
img0324.png	Text	Bengali	"চেয়ে"
img0325.png	Text	Bengali	"জগৎ"
img0326.png	Text	Bengali	"সংকলন"
img0327.png	Text	Bengali	"পাকা"
img0328.png	Text	Bengali	"প্রাধান্য"
img0329.png	Text	Bengali	"একটুখানি"
img0330.png	Text	Bengali	"দানা"
img0331.png	Text	Bengali	"জীবনে"
img0332.png	Text	Bengali	"নিম"
img0333.png	Text	Bengali	"রকম"
img0334.png	Text	Bengali	"বোলতা"
img0335.png	Text	Bengali	"কবি"
img0336.png	Text	Bengali	"দেশ"
img0337.png	Text	Bengali	"টি"
img0338.png	Text	Bengali	"মিশিয়ে"
img0339.png	Text	Bengali	"হাঁটুর"
img0340.png	Text	Bengali	"বাঁচাতে"
img0341.png	Text	Bengali	"৩"
img0342.png	Text	Bengali	"বাড়ি"
img0343.png	Text	Bengali	"ব্রিগেড"
img0344.png	Text	Bengali	"চলুন"
img0345.png	Text	Bengali	"চাই"
img0346.png	Text	Bengali	"উড়ে"
img0347.png	Text	Bengali	"পশ্চিমবঙ্গের"
img0348.png	Text	Bengali	"কিশোর"
img0349.png	Text	Bengali	"বিশেষ"
img0350.png	Text	Bengali	"পিওরিফায়র"
img0351.png	Text	Bengali	"আমার"
img0352.png	Text	Bengali	"তৈরি"
img0353.png	Text	Bengali	"বালিশ"
img0354.png	Text	Bengali	"কয়েক"
img0355.png	Text	Bengali	"যন্ত্রণার"
img0356.png	Text	Bengali	"কঠিন"
img0357.png	Text	Bengali	"সি"
img0358.png	Text	Bengali	"বোলতা"
img0359.png	Text	Bengali	"রহস্য"
img0360.png	Text	Bengali	"ছবি"
img0361.png	Text	Bengali	"সুবন্নরেখার"
img0362.png	Text	Bengali	"তুমি"
img0363.png	Text	Bengali	"বাঁচেন"
img0364.png	Text	Bengali	"কিরণ"
img0365.png	Text	Bengali	"ফিশও"
img0366.png	Text	Bengali	"চেনা"
img0367.png	Text	Bengali	"ছানাবি"
img0368.png	Text	Bengali	"রান্নায়"
img0369.png	Text	Bengali	"লেখো"
img0370.png	Text	Bengali	"গিন্নী"
img0371.png	Text	Bengali	"শিং"
img0372.png	Text	Bengali	"মাখন"
img0373.png	Text	Bengali	"অচেনার"
img0374.png	Text	Bengali	"নির্মলার"
img0375.png	Text	Bengali	"ছানাবি"
img0376.png	Text	Bengali	"জবাবেও"
img0377.png	Text	Bengali	"রইল"
img0378.png	Text	Bengali	"প্রশ্ন"
img0379.png	Text	Bengali	"অয়েলের"
img0380.png	Text	Bengali	"এখন"
img0381.png	Text	Bengali	"উপন্যাস"
img0382.png	Text	Bengali	"পৃষ্টিও"
img0383.png	Text	Bengali	"রাজামশাই"
img0384.png	Text	Bengali	"উড়ে"
img0385.png	Text	Bengali	"চিজ"
img0386.png	Text	Bengali	"উত্তর"
img0387.png	Text	Bengali	"অন্য"
img0388.png	Text	Bengali	"গল্প"
img0389.png	Text	Bengali	"ধুতরা"
img0390.png	Text	Bengali	"ওয়াটার"
img0391.png	Text	Bengali	"তেলের"
img0392.png	Text	Bengali	"বিজ্ঞানের"
img0393.png	Text	Bengali	"গৌতম"
img0394.png	Text	Bengali	"রূপশালী"
img0395.png	Text	Bengali	"গাছে"
img0396.png	Text	Bengali	"বদলে"
img0397.png	Text	Bengali	"হাতে"
img0398.png	Text	Bengali	"পুনর্বাসন"
img0399.png	Text	Bengali	"পাকা"
img0400.png	Text	Bengali	"অয়েল"
img0401.png	Text	Bengali	"চলে"
img0402.png	Text	Bengali	"ব্যবহৃত"
img0403.png	Text	Bengali	"জনসভা"
img0404.png	Text	Bengali	"রায়"
img0405.png	Text	Bengali	"১৩"
img0406.png	Text	Bengali	"শিল্প"
img0407.png	Text	Bengali	"মেলা"
img0408.png	Text	Bengali	"২১"
img0409.png	Text	Bengali	"বৃষ্টির"
img0410.png	Text	Bengali	"মেগা"
img0411.png	Text	Bengali	"এমনই"
img0412.png	Text	Bengali	"এবার"
img0413.png	Text	Bengali	"জব"
img0414.png	Text	Bengali	"ক্যারিয়ার"
img0415.png	Text	Bengali	"ঘাত"
img0416.png	Text	Bengali	"কাউন্সিলিং"
img0417.png	Text	Bengali	"ফুড"
img0418.png	Text	Bengali	"কোর্ট"
img0419.png	Text	Bengali	"মিলন"
img0420.png	Text	Bengali	"নিজেকে"
img0421.png	Text	Bengali	"কিন্তু"
img0422.png	Text	Bengali	"কী"
img0423.png	Text	Bengali	"খাবার"
img0424.png	Text	Bengali	"তাম্বুল"
img0425.png	Text	Bengali	"আঁকড়েই"
img0426.png	Text	Bengali	"প্রত্যাঘাত"
img0427.png	Text	Bengali	"বাটি"
img0428.png	Text	Bengali	"অনুশীলনী"
img0429.png	Text	Bengali	"পাবেন"
img0430.png	Text	Bengali	"কীর্তন"
img0431.png	Text	Bengali	"ধর্ম"
img0432.png	Text	Bengali	"ধর্মগ্রন্থ"
img0433.png	Text	Bengali	"দিয়ে"
img0434.png	Text	Bengali	"ধর্মপ্রবর্তক"
img0435.png	Text	Bengali	"বেতন"
img0436.png	Text	Bengali	"মহাকাব্য"
img0437.png	Text	Bengali	"গৌতম"
img0438.png	Text	Bengali	"মহাপুরুষের"
img0439.png	Text	Bengali	"সুকুমার"
img0440.png	Text	Bengali	"গোপন"
img0441.png	Text	Bengali	"কথা"
img0442.png	Text	Bengali	"শুধুমাত্র"
img0443.png	Text	Bengali	"হ্যালেপিনো"
img0444.png	Text	Bengali	"সানরাইজ"
img0445.png	Text	Bengali	"আটখানা"
img0446.png	Text	Bengali	"লেখাও"
img0447.png	Text	Bengali	"স্ট্যান্ডার্ড"
img0448.png	Text	Bengali	"খুনিরা"
img0449.png	Text	Bengali	"টুলবার"
img0450.png	Text	Bengali	"ফরম্যাটিং"
img0451.png	Text	Bengali	"চেতন"
img0452.png	Text	Bengali	"বেসিক"
img0453.png	Text	Bengali	"নলেজ"
img0454.png	Text	Bengali	"কম্পিউটার"
img0455.png	Text	Bengali	"সুভাষ"
img0456.png	Text	Bengali	"সরকার"
img0457.png	Text	Bengali	"ছড়ার"
img0458.png	Text	Bengali	"রেস্তরাঁয়"
img0459.png	Text	Bengali	"পাঁচজন"
img0460.png	Text	Bengali	"নীল"
img0461.png	Text	Bengali	"অশোক"
img0462.png	Text	Bengali	"মিত্র"
img0463.png	Text	Bengali	"১৯২৮"
img0464.png	Text	Bengali	"২০১৮"
img0465.png	Text	Bengali	"কুড়িয়ে"
img0466.png	Text	Bengali	"বেহালা"
img0467.png	Text	Bengali	"বাড়িয়ে"
img0468.png	Text	Bengali	"অশোক"
img0469.png	Text	Bengali	"তখনও"
img0470.png	Text	Bengali	"সরস"
img0471.png	Text	Bengali	"মিত্র"
img0472.png	Text	Bengali	"প্রতিদিনের"
img0473.png	Text	Bengali	"কর্ণধার"
img0474.png	Text	Bengali	"দিগন্তে"
img0475.png	Text	Bengali	"কথা"
img0476.png	Text	Bengali	"অতীন"
img0477.png	Text	Bengali	"বন্দ্যোপাধ্যায়"
img0478.png	Text	Bengali	"১৯৩৪"
img0479.png	Text	Bengali	"২০১৯"
img0480.png	Text	Bengali	"পাবলিসিং"
img0481.png	Text	Bengali	"রহস্য"
img0482.png	Text	Bengali	"মিনার"
img0483.png	Text	Bengali	"আকাশে"
img0484.png	Text	Bengali	"ছোটোমাসিদের"
img0485.png	Text	Bengali	"বেড়াল"
img0486.png	Text	Bengali	"কলকাতার"
img0487.png	Text	Bengali	"মিক্সার"
img0488.png	Text	Bengali	"কুসুম"
img0489.png	Text	Bengali	"তবে"
img0490.png	Text	Bengali	"গেলি"
img0491.png	Text	Bengali	"ঘরের"
img0492.png	Text	Bengali	"ইঁদুর"
img0493.png	Text	Bengali	"যোগাড়"
img0494.png	Text	Bengali	"শহিদ"
img0495.png	Text	Bengali	"মাসির"
img0496.png	Text	Bengali	"ঢুকলাম"
img0497.png	Text	Bengali	"মেঘ"
img0498.png	Text	Bengali	"আচার্য"
img0499.png	Text	Bengali	"কানোরিয়া"
img0500.png	Text	Bengali	"ভয়"
img0501.png	Text	Bengali	"এখানে"
img0502.png	Text	Bengali	"সত্যেন্দ্রনাথ"
img0503.png	Text	Bengali	"কৌ+টো"
img0504.png	Text	Bengali	"অন্তহীন"
img0505.png	Text	Bengali	"স্মৃতিতে"
img0506.png	Text	Bengali	"রহস্য"
img0507.png	Text	Bengali	"পেলেন"
img0508.png	Text	Bengali	"যুবক"
img0509.png	Text	Bengali	"নয়"
img0510.png	Text	Bengali	"বসু"
img0511.png	Text	Bengali	"রেস্তরাঁটি"
img0512.png	Text	Bengali	"হেমেন্দ্রকুমার"
img0513.png	Text	Bengali	"পছন্দ"
img0514.png	Text	Bengali	"মুস্তাফা"
img0515.png	Text	Bengali	"আরও"
img0516.png	Text	Bengali	"বৈকালে"
img0517.png	Text	Bengali	"এখানে"
img0518.png	Text	Bengali	"গোপাল"
img0519.png	Text	Bengali	"ককিল"
img0520.png	Text	Bengali	"শহর"
img0521.png	Text	Bengali	"এক"
img0522.png	Text	Bengali	"জন্মবর্ষে"
img0523.png	Text	Bengali	"বলেই"
img0524.png	Text	Bengali	"আরক্ষক"
img0525.png	Text	Bengali	"বি.ডি."
img0526.png	Text	Bengali	"২৫"
img0527.png	Text	Bengali	"ও'র"
img0528.png	Text	Bengali	"শিখছ"
img0529.png	Text	Bengali	"স্মৃতি"
img0530.png	Text	Bengali	"ঘড়া"
img0531.png	Text	Bengali	"দেখা"
img0532.png	Text	Bengali	"সুড়ঙ্গ"
img0533.png	Text	Bengali	"মুখ্যমন্ত্রী"
img0534.png	Text	Bengali	"আমি"
img0535.png	Text	Bengali	"নাকি"
img0536.png	Text	Bengali	"শ্রদ্ধার্ঘ্য"
img0537.png	Text	Bengali	"গল্পসামগ্র"
img0538.png	Text	Bengali	"পরিবেশন"
img0539.png	Text	Bengali	"সিরাজ"
img0540.png	Text	Bengali	"দুষ্টু"
img0541.png	Text	Bengali	"ভীষণ"
img0542.png	Text	Bengali	"শিবুকান্তি"
img0543.png	Text	Bengali	"উল্লাস"
img0544.png	Text	Bengali	"হওয়ার"
img0545.png	Text	Bengali	"চট্টোপাধ্যায়"
img0546.png	Text	Bengali	"পাবলিশার্স"
img0547.png	Text	Bengali	"হিমালয়ে"
img0548.png	Text	Bengali	"নবনীতা"
img0549.png	Text	Bengali	"সন্ধানে"
img0550.png	Text	Bengali	"কার"
img0551.png	Text	Bengali	"গোপাল"
img0552.png	Text	Bengali	"লেবানিজ"
img0553.png	Text	Bengali	"রায়ের"
img0554.png	Text	Bengali	"পলেস্তারা"
img0555.png	Text	Bengali	"খসে"
img0556.png	Text	Bengali	"ফোঁড়"
img0557.png	Text	Bengali	"গেলে"
img0558.png	Text	Bengali	"রমা"
img0559.png	Text	Bengali	"দেবসেন"
img0560.png	Text	Bengali	"চিরন্তনী"
img0561.png	Text	Bengali	"অরুন"
img0562.png	Text	Bengali	"চণ্ডীচরণ"
img0563.png	Text	Bengali	"দোকান"
img0564.png	Text	Bengali	"বই"
img0565.png	Text	Bengali	"কিনলেই"
img0566.png	Text	Bengali	"সাহু"
img0567.png	Text	Bengali	"মেডিটেরেনিয়ান"
img0568.png	Text	Bengali	"কলকাতার"
img0569.png	Text	Bengali	"আমার"
img0570.png	Text	Bengali	"একের"
img0571.png	Text	Bengali	"নিশ্চিত"
img0572.png	Text	Bengali	"উপহার"
img0573.png	Text	Bengali	"কবিতামালা"
img0574.png	Text	Bengali	"৫০০"
img0575.png	Text	Bengali	"৭০০"
img0576.png	Text	Bengali	"১০০০"
img0577.png	Text	Bengali	"টাকার"
img0578.png	Text	Bengali	"বিশেষ"
img0579.png	Text	Bengali	"দোকান"
img0580.png	Text	Bengali	"একটা"
img0581.png	Text	Bengali	"মধ্যে"
img0582.png	Text	Bengali	"ফিরে"
img0583.png	Text	Bengali	"বিনামূল্যে"
img0584.png	Text	Bengali	"রাধাকান্ত"
img0585.png	Text	Bengali	"পদের"
img0586.png	Text	Bengali	"জগৎ"
img0587.png	Text	Bengali	"চিরন্তনী"
img0588.png	Text	Bengali	"অসমাপ্ত"
img0589.png	Text	Bengali	"৮০"
img0590.png	Text	Bengali	"চরে"
img0591.png	Text	Bengali	"সুরভি"
img0592.png	Text	Bengali	"অনেক"
img0593.png	Text	Bengali	"গল্প"
img0594.png	Text	Bengali	"শ্রীবৃষভানু"
img0595.png	Text	Bengali	"দর্পণে"
img0596.png	Text	Bengali	"ক"
img0597.png	Text	Bengali	"কোনার"
img0598.png	Text	Bengali	"সংকলনে"
img0599.png	Text	Bengali	"আপনার"
img0600.png	Text	Bengali	"বিজ্ঞানের"
img0601.png	Text	Bengali	"কমলিনী"
img0602.png	Text	Bengali	"ভালোথাকার"
img0603.png	Text	Bengali	"সুচিত্রা"
img0604.png	Text	Bengali	"সৌরভ"
img0605.png	Text	Bengali	"মিত্র"
img0606.png	Text	Bengali	"ভারতীয়"
img0607.png	Text	Bengali	"চক্রবর্তী"
img0608.png	Text	Bengali	"অনিবার্য"
img0609.png	Text	Bengali	"গৌতম"
img0610.png	Text	Bengali	"এদেশে"
img0611.png	Text	Bengali	"রাইস"
img0612.png	Text	Bengali	"পৃথিবীর"
img0613.png	Text	Bengali	"পেয়েছিল"
img0614.png	Text	Bengali	"আলোচনা"
img0615.png	Text	Bengali	"মেয়ের"
img0616.png	Text	Bengali	"বোস"
img0617.png	Text	Bengali	"সাথে"
img0618.png	Text	Bengali	"জাহানারার"
img0619.png	Text	Bengali	"রংমশাল"
img0620.png	Text	Bengali	"গৌরিপুর"
img0621.png	Text	Bengali	"ব্যবসা"
img0622.png	Text	Bengali	"সংখ্যায়ন"
img0623.png	Text	Bengali	"দড়"
img0624.png	Text	Bengali	"আপনার"
img0625.png	Text	Bengali	"তত্ত্ব"
img0626.png	Text	Bengali	"ভট্টাচার্য"
img0627.png	Text	Bengali	"কমলেশ"
img0628.png	Text	Bengali	"ক্রমবিকাশ"
img0629.png	Text	Bengali	"মচাক"
img0630.png	Text	Bengali	"রং"
img0631.png	Text	Bengali	"জাহাজি"
img0632.png	Text	Bengali	"আধুনিক"
img0633.png	Text	Bengali	"বিউটি"
img0634.png	Text	Bengali	"পশ্চিমবঙ্গ"
img0635.png	Text	Bengali	"উৎসব"
img0636.png	Text	Bengali	"পদার্থবিদ্যা"
img0637.png	Text	Bengali	"ভ্রমণ"
img0638.png	Text	Bengali	"পার্লার"
img0639.png	Text	Bengali	"মূলাধার"
img0640.png	Text	Bengali	"ম্যাজিক"
img0641.png	Text	Bengali	"আপনি"
img0642.png	Text	Bengali	"কৃষ্ণবস্ত"
img0643.png	Text	Bengali	"গল্প"
img0644.png	Text	Bengali	"রাখুন"
img0645.png	Text	Bengali	"বইয়ের"
img0646.png	Text	Bengali	"অংশুমান"
img0647.png	Text	Bengali	"আগেই"
img0648.png	Text	Bengali	"নবনীতা"
img0649.png	Text	Bengali	"কাস্টমার"
img0650.png	Text	Bengali	"বার্ধক্যে"
img0651.png	Text	Bengali	"তেরো"
img0652.png	Text	Bengali	"উল্লেখ"
img0653.png	Text	Bengali	"মেক"
img0654.png	Text	Bengali	"নতুন"
img0655.png	Text	Bengali	"লক্ষী"
img0656.png	Text	Bengali	"অনুস্বর"
img0657.png	Text	Bengali	"অধ্যাপক"
img0658.png	Text	Bengali	"একই"
img0659.png	Text	Bengali	"দেবসেন"
img0660.png	Text	Bengali	"এলাচের"
img0661.png	Text	Bengali	"ং"
img0662.png	Text	Bengali	"সমীকরণের"
img0663.png	Text	Bengali	"জায়গা"
img0664.png	Text	Bengali	"মিত্র"
img0665.png	Text	Bengali	"ফড়িং"
img0666.png	Text	Bengali	"কৃত"
img0667.png	Text	Bengali	"কান্ত"
img0668.png	Text	Bengali	"গয়না"
img0669.png	Text	Bengali	"ঘোষ"
img0670.png	Text	Bengali	"ন.ব-নী.তা"
img0671.png	Text	Bengali	"শীতে"
img0672.png	Text	Bengali	"স্ট্যাটিসটিক্যাল"
img0673.png	Text	Bengali	"শুধু"
img0674.png	Text	Bengali	"জন্মদিনে"
img0675.png	Text	Bengali	"বুড়ো"
img0676.png	Text	Bengali	"দেখবেন"
img0677.png	Text	Bengali	"পদ্ধতি"
img0678.png	Text	Bengali	"লোককে"
img0679.png	Text	Bengali	"ইতিহাস"
img0680.png	Text	Bengali	"ভীড়"
img0681.png	Text	Bengali	"নবনীতা"
img0682.png	Text	Bengali	"প্রয়োগ"
img0683.png	Text	Bengali	"রায়"
img0684.png	Text	Bengali	"অসঙ্গতি"
img0685.png	Text	Bengali	"লেগেই"
img0686.png	Text	Bengali	"তার"
img0687.png	Text	Bengali	"ছোটগল্পের"
img0688.png	Text	Bengali	"গাছে"
img0689.png	Text	Bengali	"কিনুন"
img0690.png	Text	Bengali	"দৃষ্টি"
img0691.png	Text	Bengali	"মাজি"
img0692.png	Text	Bengali	"দেবসেন"
img0693.png	Text	Bengali	"সাহিত্যের"
img0694.png	Text	Bengali	"শ্রদ্ধাঞ্জলি"
img0695.png	Text	Bengali	"পাকা"
img0696.png	Text	Bengali	"অসঙ্গতি"
img0697.png	Text	Bengali	"গোয়েন্দারা"
img0698.png	Text	Bengali	"বাঙালি"
img0699.png	Text	Bengali	"লেখক"
img0700.png	Text	Bengali	"দূর"
img0701.png	Text	Bengali	"দৃষ্টিভঙ্গি"
img0702.png	Text	Bengali	"আত্মকেন্দ্রিক"
img0703.png	Text	Bengali	"মিতিনমাসি"
img0704.png	Text	Bengali	"রমা"
img0705.png	Text	Bengali	"সেবক"
img0706.png	Text	Bengali	"গ্যাসের"
img0707.png	Text	Bengali	"তারা"
img0708.png	Text	Bengali	"এই"
img0709.png	Text	Bengali	"যাবে"
img0710.png	Text	Bengali	"পরমাণুতে"
img0711.png	Text	Bengali	"শুধুই"
img0712.png	Text	Bengali	"গভীরে"
img0713.png	Text	Bengali	"নয়"
img0714.png	Text	Bengali	"সমগ্র"
img0715.png	Text	Bengali	"কল্পনা"
img0716.png	Text	Bengali	"এবং"
img0717.png	Text	Bengali	"রামধনু"
img0718.png	Text	Bengali	"মৈনাকবাবু"
img0719.png	Text	Bengali	"চারটি"
img0720.png	Text	Bengali	"হয়েছে"
img0721.png	Text	Bengali	"অবলাকান্তের"
img0722.png	Text	Bengali	"বসাও"
img0723.png	Text	Bengali	"বাস্তবের"
img0724.png	Text	Bengali	"পদত্যাগ"
img0725.png	Text	Bengali	"বিশ্বাস"
img0726.png	Text	Bengali	"সুবর্ণলতা"
img0727.png	Text	Bengali	"কে"
img0728.png	Text	Bengali	"করলেন"
img0729.png	Text	Bengali	"একশো"
img0730.png	Text	Bengali	"করেছিলেন"
img0731.png	Text	Bengali	"বিশ্বভারতীকে"
img0732.png	Text	Bengali	"কমলিনী"
img0733.png	Text	Bengali	"তালে"
img0734.png	Text	Bengali	"তোড়া"
img0735.png	Text	Bengali	"ছাড়"
img0736.png	Text	Bengali	"ঠিকই"
img0737.png	Text	Bengali	"সদ্য"
img0738.png	Text	Bengali	"উদ্যেগ"
img0739.png	Text	Bengali	"কাজটা"
img0740.png	Text	Bengali	"খুশি"
img0741.png	Text	Bengali	"কবিতা"
img0742.png	Text	Bengali	"এবার"
img0743.png	Text	Bengali	"বাংলা"
img0744.png	Text	Bengali	"ফুলের"
img0745.png	Text	Bengali	"গবেষণা"
img0746.png	Text	Bengali	"ঠিক"
img0747.png	Text	Bengali	"বলতে"
img0748.png	Text	Bengali	"আশাপূর্ণা"
img0749.png	Text	Bengali	"রোজ"
img0750.png	Text	Bengali	"কনডেনসেট"
img0751.png	Text	Bengali	"হচ্ছে"
img0752.png	Text	Bengali	"বোঝাতে"
img0753.png	Text	Bengali	"গাফিলতি"
img0754.png	Text	Bengali	"সীমাহীন"
img0755.png	Text	Bengali	"উচিত"
img0756.png	Text	Bengali	"শিক্ষার"
img0757.png	Text	Bengali	"বাড়ির"
img0758.png	Text	Bengali	"দুই"
img0759.png	Text	Bengali	"দেবী"
img0760.png	Text	Bengali	"স্বপ্ন"
img0761.png	Text	Bengali	"হানায়"
img0762.png	Text	Bengali	"জঙ্গি"
img0763.png	Text	Bengali	"নাক"
img0764.png	Text	Bengali	"বন্ধ"
img0765.png	Text	Bengali	"স্বাধীনতা"
img0766.png	Text	Bengali	"মার্কিন"
img0767.png	Text	Bengali	"ইছাপুরের"
img0768.png	Text	Bengali	"কেনায়"
img0769.png	Text	Bengali	"উন্মাত্ত"
img0770.png	Text	Bengali	"গোয়েন্দা"
img0771.png	Text	Bengali	"জনবিচার"
img0772.png	Text	Bengali	"আমরা"
img0773.png	Text	Bengali	"এতই"
img0774.png	Text	Bengali	"প্রতিবাদকে"
img0775.png	Text	Bengali	"ভোটের"
img0776.png	Text	Bengali	"দিন"
img0777.png	Text	Bengali	"ঘোষণার"
img0778.png	Text	Bengali	"পরে"
img0779.png	Text	Bengali	"বাদ"
img0780.png	Text	Bengali	"যাবে"
img0781.png	Text	Bengali	"গার্গী"
img0782.png	Text	Bengali	"নাম"
img0783.png	Text	Bengali	"মোবাইলে"
img0784.png	Text	Bengali	"ফাঁসের"
img0785.png	Text	Bengali	"ডেঙ্গি"
img0786.png	Text	Bengali	"সামলাতে"
img0787.png	Text	Bengali	"স্বাস্থ্য"
img0788.png	Text	Bengali	"হ্যাটট্রিক"
img0789.png	Text	Bengali	"অস্ত্র"
img0790.png	Text	Bengali	"এড়াতে"
img0791.png	Text	Bengali	"দেহরক্ষীদের"
img0792.png	Text	Bengali	"তপন"
img0793.png	Text	Bengali	"নিত্যানন্দের"
img0794.png	Text	Bengali	"সরকার"
img0795.png	Text	Bengali	"একগুচ্ছ"
img0796.png	Text	Bengali	"বন্দ্যোপাধ্যায়"
img0797.png	Text	Bengali	"আমেরিকা"
img0798.png	Text	Bengali	"বোঝাতে"
img0799.png	Text	Bengali	"রূপ"
img0800.png	Text	Bengali	"হবে"
img0801.png	Text	Bengali	"মুকুন্দপুরের"
img0802.png	Text	Bengali	"ঘিরে"
img0803.png	Text	Bengali	"বন্দ্যোপাধ্যায়"
img0804.png	Text	Bengali	"বস্তি"
img0805.png	Text	Bengali	"উন্নয়নে"
img0806.png	Text	Bengali	"তহবিল"
img0807.png	Text	Bengali	"বাড়ছে"
img0808.png	Text	Bengali	"কেন"
img0809.png	Text	Bengali	"বেড়িয়ে"
img0810.png	Text	Bengali	"অশোককুমার"
img0811.png	Text	Bengali	"মুখোপাধ্যায়"
img0812.png	Text	Bengali	"মাস"
img0813.png	Text	Bengali	"আটটা"
img0814.png	Text	Bengali	"ন'টার"
img0815.png	Text	Bengali	"তখন"
img0816.png	Text	Bengali	"সূর্য"
img0817.png	Text	Bengali	"সদত"
img0818.png	Text	Bengali	"হসন"
img0819.png	Text	Bengali	"মন্টো"
img0820.png	Text	Bengali	"গোয়েন্দা"
img0821.png	Text	Bengali	"গার্গী"
img0822.png	Text	Bengali	"রঘুনাথ"
img0823.png	Text	Bengali	"লিখেছেন"
img0824.png	Text	Bengali	"নেই"
img0825.png	Text	Bengali	"অভ্যাস"
img0826.png	Text	Bengali	"ব্যাবহার"
img0827.png	Text	Bengali	"নতুন"
img0828.png	Text	Bengali	"তার"
img0829.png	Text	Bengali	"সহযাত্রী"
img0830.png	Text	Bengali	"কেন"
img0831.png	Text	Bengali	"হার্ট"
img0832.png	Text	Bengali	"ঘাটের"
img0833.png	Text	Bengali	"বিড়াল"
img0834.png	Text	Bengali	"মেরুদন্ড"
img0835.png	Text	Bengali	"বর্ধমানের"
img0836.png	Text	Bengali	"গলাগলি"
img0837.png	Text	Bengali	"শমীতা"
img0838.png	Text	Bengali	"জন্য"
img0839.png	Text	Bengali	"দরকার"
img0840.png	Text	Bengali	"হল"
img0841.png	Text	Bengali	"স্পাইন"
img0842.png	Text	Bengali	"১২০"
img0843.png	Text	Bengali	"পরব"
img0844.png	Text	Bengali	"পলাশ"
img0845.png	Text	Bengali	"চন্দ্র"
img0846.png	Text	Bengali	"ওয়াশ"
img0847.png	Text	Bengali	"কর"
img0848.png	Text	Bengali	"ভাবনা"
img0849.png	Text	Bengali	"পদক্ষেপ"
img0850.png	Text	Bengali	"বহুরুপী"
img0851.png	Text	Bengali	"ফাঁদ"
img0852.png	Text	Bengali	"সুদোকু"
img0853.png	Text	Bengali	"মন্দিরে"
img0854.png	Text	Bengali	"২০১৮"
img0855.png	Text	Bengali	"সংলাপ"
img0856.png	Text	Bengali	"একদিনের"
img0857.png	Text	Bengali	"ম্যাচ"
img0858.png	Text	Bengali	"ব্যবহার"
img0859.png	Text	Bengali	"মিকিড়"
img0860.png	Text	Bengali	"ক্লিনিক"
img0861.png	Text	Bengali	"নামদাফা"
img0862.png	Text	Bengali	"রাখুন"
img0863.png	Text	Bengali	"সুস্থ"
img0864.png	Text	Bengali	"বাড়ির"
img0865.png	Text	Bengali	"সাগরে"
img0866.png	Text	Bengali	"ভাবনা"
img0867.png	Text	Bengali	"কেয়ার"
img0868.png	Text	Bengali	"সাবান"
img0869.png	Text	Bengali	"চলো"
img0870.png	Text	Bengali	"নয়"
img0871.png	Text	Bengali	"লগ্নিতে"
img0872.png	Text	Bengali	"ভাল"
img0873.png	Text	Bengali	"প্রতিষ্ঠান"
img0874.png	Text	Bengali	"গ্রন্থাগার"
img0875.png	Text	Bengali	"মুখোপাধ্যায়"
img0876.png	Text	Bengali	"কম"
img0877.png	Text	Bengali	"কেনাকাটার"
img0878.png	Text	Bengali	"রেসিপি"
img0879.png	Text	Bengali	"ঠাকুমার"
img0880.png	Text	Bengali	"হলুদ"
img0881.png	Text	Bengali	"অণুগল্প"
img0882.png	Text	Bengali	"যত"
img0883.png	Text	Bengali	"পুরানো"
img0884.png	Text	Bengali	"খুচরা"
img0885.png	Text	Bengali	"বহরমপুর সিটি"
img0886.png	Text	Bengali	"বিভাগ"
img0887.png	Text	Bengali	"হসপিটাল"
img0888.png	Text	Bengali	"বায়োকেমিস্ট্রি"
img0889.png	Text	Bengali	"৭৭৯৭৮৪০৫৩০"
img0890.png	Text	Bengali	"বিশ্বাস"
img0891.png	Text	Bengali	"অ্যাম্বুলেন্স"
img0892.png	Text	Bengali	"পুরুষরা"
img0893.png	Text	Bengali	"এক্টুখানি"
img0894.png	Text	Bengali	"মতো"
img0895.png	Text	Bengali	"রকমের"
img0896.png	Text	Bengali	"সমস্ত"
img0897.png	Text	Bengali	"পাইকারী"
img0898.png	Text	Bengali	"বিশেষজ্ঞ"
img0899.png	Text	Bengali	"ফার্মাসী সুবিধা আছে"
img0900.png	Text	Bengali	"ফার্মাসী"
img0901.png	Text	Bengali	"সোনা"
img0902.png	Text	Bengali	"কেনা"
img0903.png	Text	Bengali	"আজাদ"
img0904.png	Text	Bengali	"চালতিয়া"
img0905.png	Text	Bengali	"কতটা"
img0906.png	Text	Bengali	"আবুল"
img0907.png	Text	Bengali	"কালাম"
img0908.png	Text	Bengali	"আমরা"
img0909.png	Text	Bengali	"মেসার্স"
img0910.png	Text	Bengali	"ডাঃ"
img0911.png	Text	Bengali	"মহ"
img0912.png	Text	Bengali	"১৪২৫"
img0913.png	Text	Bengali	"কাটোয়া"
img0914.png	Text	Bengali	"মনের"
img0915.png	Text	Bengali	"মা"
img0916.png	Text	Bengali	"আমলকী"
img0917.png	Text	Bengali	"পান"
img0918.png	Text	Bengali	"বর্তমান"
img0919.png	Text	Bengali	"শ্রীনিকেতন"
img0920.png	Text	Bengali	"মিতালি"
img0921.png	Text	Bengali	"জিনিস"
img0922.png	Text	Bengali	"খোলামকুচি"
img0923.png	Text	Bengali	"তিব্বত"
img0924.png	Text	Bengali	"হাসতে"
img0925.png	Text	Bengali	"বিপদ"
img0926.png	Text	Bengali	"চায়"
img0927.png	Text	Bengali	"বৃক্কের"
img0928.png	Text	Bengali	"ফ্যাশন"
img0929.png	Text	Bengali	"কমিকসে"
img0930.png	Text	Bengali	"কোণ"
img0931.png	Text	Bengali	"নব"
img0932.png	Text	Bengali	"খাইতে"
img0933.png	Text	Bengali	"সাজো"
img0934.png	Text	Bengali	"এখন"
img0935.png	Text	Bengali	"তথ্যকেন্দ্র"
img0936.png	Text	Bengali	"কিশোরবেলার"
img0937.png	Text	Bengali	"১৪২৫"
img0938.png	Text	Bengali	"মনীষা"
img0939.png	Text	Bengali	"কলকাতা"
img0940.png	Text	Bengali	"থাইল্যান্ড"
img0941.png	Text	Bengali	"সতর্ক"
img0942.png	Text	Bengali	"অধ্যাপক"
img0943.png	Text	Bengali	"শাক"
img0944.png	Text	Bengali	"অভ্যাস"
img0945.png	Text	Bengali	"জুয়েলার্স"
img0946.png	Text	Bengali	"দেশে"
img0947.png	Text	Bengali	"মুঠোয়"
img0948.png	Text	Bengali	"বাস"
img0949.png	Text	Bengali	"পোস্ট"
img0950.png	Text	Bengali	"চেয়েছিল"
img0951.png	Text	Bengali	"সবার"
img0952.png	Text	Bengali	"আনন্দনিকেতন"
img0953.png	Text	Bengali	"শিশু"
img0954.png	Text	Bengali	"ভাসতে"
img0955.png	Text	Bengali	"দুলাল"
img0956.png	Text	Bengali	"বসন্ত"
img0957.png	Text	Bengali	"ডাক্তারি"
img0958.png	Text	Bengali	"মটনফ্রাই"
img0959.png	Text	Bengali	"ইত্যাদি"
img0960.png	Text	Bengali	"খালিদাস"
img0961.png	Text	Bengali	"যেমন"
img0962.png	Text	Bengali	"পান"
img0963.png	Text	Bengali	"মহৌষধি"
img0964.png	Text	Bengali	"খুশি"
img0965.png	Text	Bengali	"পারি"
img0966.png	Text	Bengali	"ভড়ের"
img0967.png	Text	Bengali	"খারাপ"
img0968.png	Text	Bengali	"চেম্বার"
img0969.png	Text	Bengali	"থাকবে"
img0970.png	Text	Bengali	"মুশকিলে"
img0971.png	Text	Bengali	"সুবাসেই"
img0972.png	Text	Bengali	"নতুন"
img0973.png	Text	Bengali	"নাও"
img0974.png	Text	Bengali	"কাজে"
img0975.png	Text	Bengali	"দেখুন"
img0976.png	Text	Bengali	"বিপদ"
img0977.png	Text	Bengali	"বিতর্কিত"
img0978.png	Text	Bengali	"ভারত"
img0979.png	Text	Bengali	"আঙ্গুরি"
img0980.png	Text	Bengali	"মোরব্বা"
img0981.png	Text	Bengali	"দুরের"
img0982.png	Text	Bengali	"বিভাগীয়"
img0983.png	Text	Bengali	"পরীক্ষা"
img0984.png	Text	Bengali	"করা"
img0985.png	Text	Bengali	"তমস"
img0986.png	Text	Bengali	"জ্যেতির্গময়"
img0987.png	Text	Bengali	"এখানে"
img0988.png	Text	Bengali	"ঠিকানা"
img0989.png	Text	Bengali	"সমস্ত"
img0990.png	Text	Bengali	"প্রেসক্রিপশনের"
img0991.png	Text	Bengali	"ওষুধ"
img0992.png	Text	Bengali	"সাপ্তাহিক বর্তমান"
img0993.png	Text	Bengali	"পাওয়া"
img0994.png	Text	Bengali	"যায়"
img0995.png	Text	Bengali	"দই"
img0996.png	Text	Bengali	"রুই"
img0997.png	Text	Bengali	"আমাদের"
img0998.png	Text	Bengali	"পরিষেবা"
img0999.png	Text	Bengali	"সাজো"
img1000.png	Text	Bengali	"মন"
img1001.png	Text	Bengali	"হবে"
img1002.png	Text	Bengali	"বাইরে"